City,Crime_Type,Year,Month,Day,Crime Count,Population,Crime_Rate,Predicted Crime Count
Seattle,Robbery,2023,4,24,439,864158,0.5080089520666359,489
Houston,Drug Offense,2015,4,8,388,3444772,0.11263445011745335,427
Boston,Vandalism,2015,6,13,52,4615219,0.011267070966729856,54
Miami,Burglary,2023,8,22,198,7227984,0.02739353047820803,209
Seattle,Theft,2020,8,27,228,864158,0.263840640253287,263
Dallas,Burglary,2014,5,4,140,6686872,0.020936545517844518,156
Chicago,Burglary,2021,6,8,26,9832736,0.0026442284222824657,28
Seattle,Burglary,2016,4,3,10,864158,0.011571957905845922,11
Boston,Vandalism,2019,12,9,208,4615219,0.045068283866919426,226
Miami,Burglary,2022,11,2,243,7227984,0.03361933285961895,276
Houston,Fraud,2019,9,2,189,3444772,0.05486575018607908,208
Boston,Vandalism,2022,8,28,364,4615219,0.078869496767109,427
Boston,Fraud,2020,10,13,296,4615219,0.06413563473369302,347
Chicago,Vandalism,2022,12,15,339,9832736,0.034476670582836766,380
San Francisco,Drug Offense,2015,10,28,224,7650008,0.02928101513096457,246
Miami,Assault,2021,1,23,120,7227984,0.01660213968376244,132
Los Angeles,Robbery,2021,2,12,317,8836693,0.035873148473076974,371
Boston,Burglary,2015,9,26,53,4615219,0.011483745408397738,58
San Francisco,Drug Offense,2017,8,4,177,7650008,0.023137230706163966,191
Los Angeles,Assault,2020,3,26,86,8836693,0.009732147535282712,91
Miami,Robbery,2017,8,8,326,7227984,0.0451024794742213,365
New York,Homicide,2017,12,9,337,8757705,0.038480400972629246,378
Dallas,Theft,2019,1,23,49,6686872,0.0073277909312455805,57
San Francisco,Fraud,2023,10,5,339,7650008,0.0443136791490937,367
Denver,Homicide,2019,4,24,24,5075463,0.004728632639032143,26
New York,Vandalism,2023,3,20,452,8757705,0.05161169507308136,529
Dallas,Robbery,2016,6,18,225,6686872,0.03364801958225012,264
Chicago,Homicide,2022,7,11,127,9832736,0.012916038831918197,140
Seattle,Theft,2023,4,15,238,864158,0.27541259815913294,266
Houston,Drug Offense,2015,7,28,225,3444772,0.06531636926914176,246
Denver,Robbery,2019,9,22,327,5075463,0.06442761970681295,389
Chicago,Homicide,2020,11,9,343,9832736,0.0348834749554956,366
Miami,Fraud,2022,2,17,7,7227984,0.0009684581482194759,8
Chicago,Fraud,2016,11,27,186,9832736,0.018916403328636096,214
Seattle,Assault,2023,3,26,210,864158,0.24301111602276435,237
Miami,Homicide,2016,5,12,324,7227984,0.044825777146158596,341
Denver,Burglary,2020,3,7,44,5075463,0.008669159838225596,49
Seattle,Homicide,2017,11,10,63,864158,0.0729033348068293,70
Los Angeles,Drug Offense,2021,8,25,443,8836693,0.050131876257328394,475
Houston,Robbery,2020,12,26,66,3444772,0.01915946831894825,75
Denver,Robbery,2018,10,25,136,5075463,0.02679558495451548,162
Los Angeles,Drug Offense,2020,8,10,64,8836693,0.007242528398349926,72
Dallas,Homicide,2016,8,27,376,6686872,0.056229579390782415,435
Denver,Drug Offense,2015,12,13,335,5075463,0.06600383058649033,355
Dallas,Theft,2019,12,19,126,6686872,0.018842890966060066,140
Miami,Vandalism,2015,9,11,483,7227984,0.06682361222714384,515
Los Angeles,Drug Offense,2016,4,13,111,8836693,0.012561260190888154,126
Houston,Fraud,2019,5,21,100,3444772,0.029029497452951893,119
Seattle,Drug Offense,2018,5,8,351,864158,0.40617572249519185,403
Boston,Robbery,2021,8,8,418,4615219,0.09056991661717462,443
Chicago,Fraud,2022,7,4,239,9832736,0.024306561266365743,263
New York,Robbery,2016,9,15,390,8757705,0.04453221477544631,441
Houston,Assault,2023,8,28,66,3444772,0.01915946831894825,73
Los Angeles,Burglary,2016,2,11,260,8836693,0.02942277161829657,305
Boston,Robbery,2016,10,11,53,4615219,0.011483745408397738,62
Houston,Fraud,2019,12,1,397,3444772,0.11524710488821902,453
Los Angeles,Assault,2014,4,17,352,8836693,0.03983390619092459,389
San Francisco,Robbery,2020,6,15,163,7650008,0.021307167260478682,177
San Francisco,Theft,2014,12,20,128,7650008,0.016732008646265468,136
Dallas,Drug Offense,2018,2,6,486,6686872,0.07267972229766026,536
Houston,Burglary,2023,7,24,321,3444772,0.09318468682397557,356
San Francisco,Robbery,2021,3,22,211,7650008,0.027581670502828233,242
Los Angeles,Assault,2017,3,28,52,8836693,0.005884554323659314,59
Dallas,Theft,2018,11,25,413,6686872,0.06176280927764133,437
Los Angeles,Homicide,2017,2,15,424,8836693,0.04798175063906826,470
Dallas,Assault,2017,11,9,140,6686872,0.020936545517844518,150
Houston,Drug Offense,2021,8,14,205,3444772,0.059510469778551386,220
Boston,Assault,2015,6,18,254,4615219,0.05503530818364199,298
Seattle,Theft,2014,1,26,318,864158,0.3679882614059003,335
Denver,Assault,2016,12,17,361,5075463,0.07112651594544182,401
Boston,Theft,2022,1,18,372,4615219,0.08060289230045205,399
Miami,Robbery,2017,7,5,433,7227984,0.05990605402557615,511
Los Angeles,Vandalism,2023,8,20,322,8836693,0.036438971004198066,365
Miami,Theft,2018,5,20,299,7227984,0.041366998045374755,324
Boston,Theft,2015,12,9,484,4615219,0.10487042976725482,544
Dallas,Burglary,2017,11,11,318,6686872,0.04755586767624683,368
Denver,Theft,2015,5,24,213,5075463,0.041966614671410274,254
Denver,Theft,2015,4,22,359,5075463,0.07073246322552247,388
New York,Homicide,2017,6,1,489,8757705,0.055836546218444215,578
Denver,Vandalism,2019,6,18,215,5075463,0.04236066739132962,255
Seattle,Robbery,2020,3,6,196,864158,0.22681037495458006,232
Denver,Drug Offense,2023,9,27,48,5075463,0.009457265278064286,54
Boston,Burglary,2016,12,2,33,4615219,0.0071502565750401,37
New York,Homicide,2016,11,15,63,8757705,0.007193665463725942,69
Boston,Fraud,2023,7,26,75,4615219,0.01625058312509114,87
Boston,Vandalism,2019,1,21,96,4615219,0.020800746400116657,108
Chicago,Robbery,2016,7,14,269,9832736,0.027357594061307045,309
New York,Robbery,2015,5,5,387,8757705,0.044189659277173644,431
Boston,Fraud,2021,5,6,224,4615219,0.04853507493360553,259
Chicago,Drug Offense,2018,2,6,394,9832736,0.040070230706895825,462
Chicago,Theft,2014,4,22,417,9832736,0.04240935584968416,447
New York,Homicide,2016,12,18,446,8757705,0.05092658407653603,524
Miami,Assault,2023,6,14,405,7227984,0.05603222143269825,458
Dallas,Burglary,2021,10,10,404,6686872,0.06041688849435132,475
Seattle,Assault,2017,11,14,219,864158,0.25342587813802564,244
Dallas,Fraud,2020,7,13,483,6686872,0.07223108203656359,534
Denver,Robbery,2023,11,3,391,5075463,0.077037306744232,464
Seattle,Drug Offense,2015,5,6,281,864158,0.3251720171542704,305
Denver,Robbery,2020,9,8,68,5075463,0.01339779247725774,80
Boston,Burglary,2018,3,12,350,4615219,0.07583605458375865,392
Los Angeles,Robbery,2018,1,13,296,8836693,0.033496693842368405,333
New York,Robbery,2019,4,11,494,8757705,0.056407472048898656,541
Seattle,Burglary,2022,9,12,489,864158,0.5658687415958655,555
Seattle,Homicide,2019,4,1,249,864158,0.28814175185556345,273
Boston,Homicide,2021,2,17,474,4615219,0.102703685350576,500
Miami,Burglary,2020,10,16,66,7227984,0.009131176826069344,71
Chicago,Drug Offense,2022,5,11,430,9832736,0.043731470060825395,451
Boston,Fraud,2017,3,13,336,4615219,0.07280261240040829,402
San Francisco,Vandalism,2015,12,18,174,7650008,0.02274507425351712,207
Chicago,Robbery,2020,9,11,449,9832736,0.045663790830954884,498
New York,Drug Offense,2019,4,28,273,8757705,0.031172550342812418,316
Chicago,Robbery,2014,6,12,271,9832736,0.027560996247636468,298
Miami,Vandalism,2022,2,6,58,7227984,0.008024367513818515,66
Chicago,Fraud,2022,6,9,20,9832736,0.0020340218632942044,23
New York,Homicide,2015,3,16,12,8757705,0.0013702219930906557,14
Miami,Drug Offense,2016,12,4,108,7227984,0.014941925715386198,119
Dallas,Theft,2018,12,3,63,6686872,0.009421445483030033,73
Seattle,Theft,2018,9,28,317,864158,0.3668310656153157,345
Seattle,Vandalism,2014,11,16,44,864158,0.050916614785722056,52
Denver,Theft,2021,2,24,241,5075463,0.04748335275028111,253
Dallas,Homicide,2021,12,27,447,6686872,0.06684739890340356,509
Dallas,Vandalism,2017,12,26,390,6686872,0.05832323394256687,448
Chicago,Homicide,2020,9,25,98,9832736,0.0099667071301416,113
Seattle,Fraud,2023,5,12,226,864158,0.2615262486721178,241
New York,Robbery,2016,8,11,208,8757705,0.023750514546904695,247
Houston,Fraud,2019,2,5,142,3444772,0.041221886383191686,152
Houston,Fraud,2023,6,25,304,3444772,0.08824967225697375,347
Miami,Homicide,2023,3,18,399,7227984,0.05520211444851012,432
Seattle,Vandalism,2022,12,19,211,864158,0.24416831181334897,231
Seattle,Vandalism,2014,12,23,340,864158,0.39344656879876133,384
Houston,Theft,2018,10,23,85,3444772,0.02467507283500911,94
Seattle,Assault,2017,5,6,222,864158,0.25689746550977943,238
Chicago,Robbery,2021,12,22,6,9832736,0.0006102065589882612,6
San Francisco,Homicide,2014,8,18,182,7650008,0.02379082479390871,202
Los Angeles,Theft,2022,10,26,400,8836693,0.045265802489687035,465
Dallas,Drug Offense,2019,1,6,375,6686872,0.05608003263708353,444
Denver,Assault,2017,5,4,350,5075463,0.06895922598588543,371
Miami,Assault,2022,3,12,283,7227984,0.039153379420873095,313
San Francisco,Homicide,2018,4,19,150,7650008,0.019607822632342346,159
Houston,Burglary,2018,2,27,322,3444772,0.0934749817985051,338
Dallas,Robbery,2018,9,2,228,6686872,0.03409665984334678,262
Seattle,Assault,2014,3,17,373,864158,0.4316340298880529,425
Denver,Homicide,2014,2,11,388,5075463,0.07644622766435298,416
Seattle,Homicide,2021,10,11,66,864158,0.07637492217858309,71
New York,Theft,2021,11,21,298,8757705,0.03402717949508461,313
New York,Drug Offense,2019,9,16,243,8757705,0.027746995360085774,285
Denver,Burglary,2017,7,2,199,5075463,0.03920824563197486,238
Denver,Robbery,2015,6,2,170,5075463,0.03349448119314435,181
Houston,Vandalism,2015,1,23,455,3444772,0.1320842134109311,493
Denver,Fraud,2022,5,8,226,5075463,0.044527957350886015,266
Chicago,Drug Offense,2018,12,13,65,9832736,0.006610571055706164,77
Seattle,Drug Offense,2017,11,10,133,864158,0.15390704014775078,148
San Francisco,Theft,2023,11,8,482,7650008,0.0630064700585934,509
Boston,Vandalism,2014,3,4,177,4615219,0.03835137617521509,186
Denver,Assault,2020,1,15,484,5075463,0.09536075822048155,549
Miami,Assault,2016,4,1,160,7227984,0.02213618624501659,177
New York,Theft,2019,2,11,409,8757705,0.046701732931173176,431
Chicago,Homicide,2018,2,7,382,9832736,0.038849817588919304,434
Dallas,Assault,2018,3,17,114,6686872,0.01704832992167339,119
Boston,Burglary,2018,8,27,273,4615219,0.05915212257533175,318
San Francisco,Robbery,2014,8,20,415,7650008,0.05424830928281382,454
Boston,Drug Offense,2014,12,24,360,4615219,0.07800279900043747,380
Denver,Drug Offense,2016,7,18,395,5075463,0.0778254121840707,449
Houston,Burglary,2023,6,22,282,3444772,0.08186318281732434,312
New York,Vandalism,2017,9,22,78,8757705,0.008906442955089262,93
New York,Assault,2018,4,12,491,8757705,0.056064916550625996,555
Dallas,Drug Offense,2015,12,9,441,6686872,0.06595011838121023,481
Houston,Fraud,2021,1,5,467,3444772,0.13556775310528535,540
Seattle,Vandalism,2015,8,10,211,864158,0.24416831181334897,230
Los Angeles,Robbery,2022,7,4,392,8836693,0.0443604864398933,464
Chicago,Robbery,2015,7,5,484,9832736,0.04922332909171974,535
New York,Drug Offense,2022,3,28,283,8757705,0.03231440200372129,320
Miami,Theft,2020,4,28,379,7227984,0.05243509116788305,400
New York,Vandalism,2021,10,10,330,8757705,0.03768110480999303,367
Boston,Drug Offense,2015,9,11,476,4615219,0.10313703423391177,559
New York,Theft,2020,6,21,344,8757705,0.039279697135265454,402
New York,Drug Offense,2019,5,24,361,8757705,0.04122084495881056,391
Los Angeles,Fraud,2017,3,10,344,8836693,0.03892859014113085,372
Los Angeles,Vandalism,2020,9,28,208,8836693,0.023538217294637256,243
San Francisco,Homicide,2017,5,8,165,7650008,0.02156860489557658,196
Seattle,Robbery,2015,5,2,32,864158,0.03703026529870695,34
Miami,Drug Offense,2023,4,23,396,7227984,0.05478706095641606,442
New York,Fraud,2020,4,8,261,8757705,0.029802328349721758,287
New York,Theft,2021,12,16,169,8757705,0.019297293069360066,199
Chicago,Theft,2015,1,27,67,9832736,0.006813973242035584,71
Los Angeles,Robbery,2018,7,22,26,8836693,0.002942277161829657,28
Miami,Burglary,2014,9,5,74,7227984,0.010237986138320172,86
Dallas,Drug Offense,2020,3,27,385,6686872,0.057575500174072425,407
San Francisco,Vandalism,2021,12,25,409,7650008,0.053463996377520126,459
Seattle,Assault,2019,2,3,100,864158,0.11571957905845921,111
Houston,Theft,2018,3,12,167,3444772,0.048479260746429664,183
Seattle,Vandalism,2019,1,13,83,864158,0.09604725061852115,92
Boston,Vandalism,2015,6,13,9,4615219,0.0019500699750109366,10
New York,Homicide,2014,11,10,320,8757705,0.03653925314908415,343
San Francisco,Vandalism,2020,11,4,124,7650008,0.016209133376069672,140
Boston,Vandalism,2020,7,9,306,4615219,0.06630237915037183,358
Miami,Homicide,2023,11,22,182,7227984,0.025179911853706372,211
Houston,Theft,2023,11,24,180,3444772,0.05225309541531341,193
Los Angeles,Vandalism,2015,2,23,394,8836693,0.04458681545234173,422
San Francisco,Burglary,2015,8,27,221,7650008,0.02888885867831772,240
San Francisco,Burglary,2014,6,2,60,7650008,0.007843129052936937,66
New York,Fraud,2023,4,19,370,8757705,0.04224851145362855,411
Denver,Homicide,2021,5,1,191,5075463,0.037632034752297476,220
San Francisco,Fraud,2021,8,25,236,7650008,0.03084964094155196,249
Chicago,Homicide,2014,3,7,259,9832736,0.026340583129659943,273
Houston,Drug Offense,2021,3,17,417,3444772,0.12105300437880939,462
Houston,Drug Offense,2022,11,3,459,3444772,0.1332453933090492,529
Chicago,Vandalism,2017,4,20,108,9832736,0.010983718061788703,116
Dallas,Assault,2014,1,20,81,6686872,0.01211328704961004,92
Chicago,Drug Offense,2014,9,21,234,9832736,0.023798055800542187,254
Chicago,Assault,2016,8,3,406,9832736,0.041290643824872346,480
Houston,Drug Offense,2018,8,3,262,3444772,0.07605728332673396,310
Seattle,Robbery,2018,10,17,268,864158,0.3101284718766707,293
Houston,Drug Offense,2022,6,7,335,3444772,0.09724881646738884,363
Denver,Fraud,2023,7,27,485,5075463,0.09555778458044123,539
New York,Theft,2015,6,26,186,8757705,0.02123844089290516,202
Boston,Vandalism,2015,9,14,385,4615219,0.08341966004213451,443
Seattle,Fraud,2019,3,17,260,864158,0.300870905551994,305
Los Angeles,Theft,2022,3,18,42,8836693,0.004752909261417138,48
Boston,Burglary,2014,3,13,180,4615219,0.039001399500218734,211
New York,Fraud,2022,10,20,31,8757705,0.0035397401488175273,34
Denver,Burglary,2022,3,20,280,5075463,0.055167380788708344,300
Denver,Assault,2022,9,21,144,5075463,0.028371795834192862,167
Los Angeles,Assault,2018,12,27,303,8836693,0.03428884538593793,334
Seattle,Robbery,2022,4,18,449,864158,0.5195809099724819,516
Dallas,Drug Offense,2017,7,4,291,6686872,0.043518105326376816,317
Chicago,Fraud,2015,9,1,95,9832736,0.00966160385064747,100
Seattle,Burglary,2019,11,18,484,864158,0.5600827626429427,580
Dallas,Theft,2017,12,1,65,6686872,0.00972053899042781,69
Denver,Assault,2019,7,26,462,5075463,0.09102617830136876,553
Houston,Drug Offense,2016,9,26,455,3444772,0.1320842134109311,544
New York,Assault,2019,12,13,369,8757705,0.04213432628753766,431
Los Angeles,Theft,2015,3,20,351,8836693,0.03972074168470038,403
New York,Drug Offense,2015,4,20,167,8757705,0.01906892273717829,189
Miami,Drug Offense,2022,8,23,355,7227984,0.04911466323113056,418
Miami,Burglary,2020,6,10,147,7227984,0.020337621112608992,160
Seattle,Burglary,2016,5,27,404,864158,0.46750709939617524,452
Denver,Fraud,2014,4,11,257,5075463,0.05063577450963587,293
Denver,Fraud,2021,8,9,273,5075463,0.05378819626899063,303
Chicago,Homicide,2019,1,9,373,9832736,0.03793450775043691,415
Chicago,Vandalism,2020,9,5,295,9832736,0.030001822483589513,324
Chicago,Homicide,2022,1,26,463,9832736,0.04708760613526082,525
Houston,Robbery,2018,8,1,191,3444772,0.05544634013513812,224
Boston,Assault,2014,4,17,409,4615219,0.08861984664216367,441
San Francisco,Fraud,2023,9,22,442,7650008,0.05777771735663544,526
Boston,Burglary,2020,11,2,463,4615219,0.1003202664922293,534
New York,Theft,2018,5,24,418,8757705,0.04772939942599117,490
Boston,Burglary,2016,3,13,308,4615219,0.06673572803370761,349
Houston,Assault,2022,9,9,295,3444772,0.08563701748620808,344
New York,Homicide,2014,11,4,90,8757705,0.010276664948179918,94
Boston,Burglary,2014,9,5,170,4615219,0.03683465508353992,199
Houston,Vandalism,2014,4,11,419,3444772,0.12163359432786844,442
San Francisco,Robbery,2016,11,24,466,7650008,0.06091496897781022,551
Boston,Assault,2019,4,19,412,4615219,0.08926986996716732,493
Houston,Homicide,2023,12,21,118,3444772,0.03425480699448324,129
Chicago,Vandalism,2016,8,3,437,9832736,0.04444337771297836,472
Denver,Theft,2021,2,12,484,5075463,0.09536075822048155,563
Chicago,Homicide,2023,9,26,360,9832736,0.03661239353929568,391
Denver,Drug Offense,2015,6,19,420,5075463,0.0827510711830625,495
Los Angeles,Vandalism,2022,9,19,187,8836693,0.02116176266392869,199
Los Angeles,Vandalism,2016,8,13,211,8836693,0.02387771081330991,225
Los Angeles,Robbery,2018,7,28,260,8836693,0.02942277161829657,311
San Francisco,Assault,2023,1,7,239,7650008,0.0312417973941988,275
Chicago,Theft,2021,12,15,446,9832736,0.045358687551460754,524
Denver,Robbery,2015,3,23,359,5075463,0.07073246322552247,394
Houston,Homicide,2019,11,7,7,3444772,0.002032064821706633,8
New York,Robbery,2018,2,26,212,8757705,0.02420725521126825,241
Houston,Vandalism,2023,5,8,201,3444772,0.0583492898804333,229
New York,Assault,2022,5,5,345,8757705,0.039393882301356355,397
Miami,Fraud,2018,5,21,129,7227984,0.017847300160044627,146
Houston,Robbery,2015,4,14,142,3444772,0.041221886383191686,158
Boston,Drug Offense,2018,5,4,343,4615219,0.07431933349208347,374
Boston,Robbery,2017,3,23,29,4615219,0.006283558808368573,33
Seattle,Homicide,2020,12,10,72,864158,0.08331809692209063,78
Chicago,Homicide,2019,1,20,65,9832736,0.006610571055706164,75
New York,Theft,2015,5,15,33,8757705,0.003768110480999303,35
New York,Homicide,2018,9,18,387,8757705,0.044189659277173644,442
Chicago,Burglary,2020,9,20,23,9832736,0.002339125142788335,26
San Francisco,Assault,2020,4,13,175,7650008,0.02287579307106607,189
Seattle,Assault,2018,3,8,454,864158,0.5253668889254048,480
San Francisco,Fraud,2022,1,9,78,7650008,0.01019606776881802,83
San Francisco,Fraud,2017,2,16,65,7650008,0.008496723140681684,74
San Francisco,Assault,2016,8,19,431,7650008,0.056339810363597004,507
Chicago,Drug Offense,2017,1,16,157,9832736,0.0159670716268595,165
San Francisco,Fraud,2018,8,7,280,7650008,0.036601268913705715,324
Boston,Theft,2019,7,14,52,4615219,0.011267070966729856,57
Los Angeles,Homicide,2016,8,28,215,8836693,0.024330368838206783,241
Miami,Assault,2015,12,14,347,7227984,0.04800785391887973,412
New York,Vandalism,2017,6,25,412,8757705,0.04704428842944584,453
New York,Fraud,2018,12,27,143,8757705,0.01632847875099698,160
Miami,Assault,2017,9,4,114,7227984,0.01577203269957432,119
Chicago,Burglary,2016,3,26,486,9832736,0.04942673127804916,516
Houston,Robbery,2021,10,15,187,3444772,0.05428516023702004,203
Chicago,Homicide,2023,4,3,32,9832736,0.0032544349812707266,33
New York,Assault,2017,6,5,201,8757705,0.02295121838426848,230
New York,Robbery,2015,8,1,195,8757705,0.022266107387723156,217
Miami,Fraud,2015,5,3,319,7227984,0.04413402132600183,361
San Francisco,Robbery,2014,3,15,393,7650008,0.051372495296736945,422
Chicago,Homicide,2017,6,24,55,9832736,0.005593560124059062,60
Denver,Assault,2023,4,27,153,5075463,0.030145033073829913,175
Miami,Burglary,2022,9,8,272,7227984,0.0376315166165282,324
Boston,Drug Offense,2020,3,4,54,4615219,0.011700419850065619,57
New York,Fraud,2023,4,2,392,8757705,0.044760585107628086,463
Miami,Assault,2020,7,24,250,7227984,0.034587791007838424,284
Chicago,Homicide,2020,7,24,117,9832736,0.011899027900271093,132
New York,Fraud,2021,12,10,174,8757705,0.019868218899814508,195
Houston,Theft,2014,12,4,472,3444772,0.13701922797793295,500
Miami,Robbery,2023,4,3,170,7227984,0.023519697885330128,180
Seattle,Drug Offense,2023,6,2,413,864158,0.4779218615114366,470
New York,Homicide,2021,12,25,18,8757705,0.0020553329896359834,19
Chicago,Theft,2017,3,17,207,9832736,0.02105212628509501,245
Los Angeles,Vandalism,2017,6,23,292,8836693,0.03304403581747154,324
Denver,Assault,2017,12,21,399,5075463,0.07861351762390938,427
Dallas,Burglary,2019,2,24,193,6686872,0.028862523463885653,223
San Francisco,Fraud,2020,8,20,406,7650008,0.05307183992487328,444
Dallas,Robbery,2019,2,23,159,6686872,0.023777933838123416,179
Chicago,Fraud,2014,11,13,59,9832736,0.006000364496717902,68
Boston,Drug Offense,2021,7,5,186,4615219,0.040301446150226024,220
Boston,Assault,2023,9,21,214,4615219,0.046368330516926716,250
Los Angeles,Fraud,2020,1,9,380,8836693,0.04300251236520269,437
San Francisco,Robbery,2019,8,25,475,7650008,0.062091438335750766,547
Seattle,Assault,2019,7,25,79,864158,0.09141846745618279,94
Los Angeles,Fraud,2018,6,28,281,8836693,0.03179922624900514,307
Dallas,Burglary,2019,6,22,432,6686872,0.06460419759792023,453
Los Angeles,Homicide,2022,6,6,137,8836693,0.015503537352717811,149
Dallas,Assault,2023,9,5,347,6686872,0.05189272353351463,375
New York,Homicide,2022,2,25,429,8757705,0.04898543625299094,493
Boston,Vandalism,2023,1,10,63,4615219,0.013650489825076556,72
New York,Assault,2021,12,8,349,8757705,0.0398506229657199,397
Denver,Burglary,2023,6,7,493,5075463,0.09713399546011861,518
San Francisco,Homicide,2022,10,7,186,7650008,0.024313700064104507,215
Seattle,Theft,2023,11,6,462,864158,0.5346244552500816,507
Dallas,Robbery,2021,8,21,410,6686872,0.061314169016544656,471
Seattle,Theft,2021,3,20,343,864158,0.3969181561705151,388
Dallas,Fraud,2014,12,3,325,6686872,0.04860269495213906,357
Chicago,Burglary,2023,10,19,68,9832736,0.006915674335200294,72
Los Angeles,Theft,2018,1,22,331,8836693,0.03745745156021602,352
Denver,Assault,2017,9,15,264,5075463,0.05201495902935358,310
Boston,Fraud,2015,1,4,197,4615219,0.04268486500857273,233
Dallas,Fraud,2021,3,28,147,6686872,0.021983372793736744,168
Seattle,Theft,2016,8,12,108,864158,0.12497714538313594,115
Denver,Vandalism,2017,3,6,464,5075463,0.0914202310212881,515
Houston,Theft,2020,4,19,410,3444772,0.11902093955710277,475
Houston,Vandalism,2023,8,4,218,3444772,0.06328430444743513,254
New York,Burglary,2022,1,15,246,8757705,0.02808955085835844,262
Boston,Robbery,2015,6,9,435,4615219,0.0942533821255286,456
Chicago,Theft,2016,1,5,213,9832736,0.021662332844083275,246
Seattle,Drug Offense,2017,1,13,97,864158,0.11224799168670543,107
Los Angeles,Vandalism,2023,8,23,434,8836693,0.04911339570131043,472
Los Angeles,Theft,2014,11,26,146,8836693,0.01652201790873577,153
Seattle,Homicide,2020,4,18,438,864158,0.5068517562760513,495
San Francisco,Assault,2015,12,5,408,7650008,0.05333327755997118,480
Chicago,Drug Offense,2018,1,25,438,9832736,0.04454507880614307,522
Denver,Drug Offense,2014,10,16,116,5075463,0.022855057755322025,131
Dallas,Vandalism,2016,7,27,421,6686872,0.06295918330723244,474
San Francisco,Homicide,2015,5,19,379,7650008,0.04954243185105166,402
Dallas,Homicide,2014,5,14,63,6686872,0.009421445483030033,71
Dallas,Fraud,2020,1,25,47,6686872,0.007028697423847802,52
San Francisco,Vandalism,2018,10,16,211,7650008,0.027581670502828233,240
New York,Robbery,2014,11,27,272,8757705,0.03105836517672153,301
Houston,Assault,2019,6,15,300,3444772,0.08708849235885567,325
Dallas,Burglary,2018,9,22,122,6686872,0.01824470395126451,129
San Francisco,Drug Offense,2016,9,4,24,7650008,0.0031372516211747754,26
San Francisco,Burglary,2020,8,7,226,7650008,0.029542452766062467,240
Miami,Theft,2023,5,16,170,7227984,0.023519697885330128,183
New York,Theft,2022,1,24,135,8757705,0.015414997422269873,161
Boston,Burglary,2022,9,22,160,4615219,0.0346679106668611,178
Miami,Theft,2022,1,21,188,7227984,0.026010018837894493,212
Miami,Robbery,2015,8,22,94,7227984,0.013005009418947246,111
Seattle,Homicide,2016,5,21,98,864158,0.11340518747729003,117
Houston,Theft,2020,3,8,17,3444772,0.004935014567001822,19
San Francisco,Fraud,2018,11,17,465,7650008,0.060784250160261274,544
Houston,Theft,2015,7,16,326,3444772,0.09463616169662319,358
Chicago,Assault,2016,7,27,297,9832736,0.030205224669918932,325
Seattle,Robbery,2023,9,23,437,864158,0.5056945604854668,485
Boston,Assault,2019,7,10,234,4615219,0.05070181935028435,269
Houston,Assault,2020,11,10,326,3444772,0.09463616169662319,375
Los Angeles,Fraud,2022,3,27,296,8836693,0.033496693842368405,324
Dallas,Robbery,2014,11,2,442,6686872,0.06609966513490913,472
Chicago,Robbery,2020,1,9,30,9832736,0.0030510327949413063,34
New York,Vandalism,2021,8,17,79,8757705,0.00902062812118015,84
Boston,Robbery,2016,12,11,460,4615219,0.09967024316722566,522
Chicago,Robbery,2017,3,10,368,9832736,0.03742600228461336,424
Dallas,Robbery,2023,12,22,428,6686872,0.06400601058312466,494
Seattle,Fraud,2019,8,25,303,864158,0.3506303245471314,352
Dallas,Theft,2023,8,17,154,6686872,0.02303020006962897,181
Miami,Vandalism,2020,5,4,152,7227984,0.021029376932765763,170
Dallas,Assault,2017,12,16,12,6686872,0.001794561044386673,13
Miami,Robbery,2021,1,20,33,7227984,0.004565588413034672,37
Seattle,Drug Offense,2018,10,15,300,864158,0.34715873717537765,323
Denver,Theft,2014,7,25,478,5075463,0.09417860006072352,503
Miami,Theft,2017,12,27,418,7227984,0.057830786565105846,456
New York,Assault,2016,10,21,213,8757705,0.024321440377359137,237
Dallas,Fraud,2022,5,5,132,6686872,0.0197401714882534,150
Dallas,Burglary,2021,8,6,344,6686872,0.05144408327241796,405
New York,Burglary,2014,9,17,120,8757705,0.013702219930906555,129
Los Angeles,Theft,2019,11,1,443,8836693,0.050131876257328394,473
San Francisco,Homicide,2022,7,25,148,7650008,0.019346384997244448,176
Denver,Homicide,2020,7,19,434,5075463,0.08550944022249793,462
Boston,Assault,2017,1,4,322,4615219,0.06976917021705795,361
Miami,Burglary,2014,4,17,239,7227984,0.033065928203493536,271
New York,Theft,2015,2,9,11,8757705,0.0012560368269997678,12
Seattle,Fraud,2018,2,24,468,864158,0.5415676299935892,497
Miami,Burglary,2018,2,2,49,7227984,0.0067792070375363314,51
San Francisco,Theft,2021,4,8,447,7650008,0.05843131144438019,476
Seattle,Theft,2019,1,15,243,864158,0.28119857711205587,276
Chicago,Robbery,2021,4,7,444,9832736,0.04515528536513133,502
Dallas,Fraud,2015,2,27,436,6686872,0.06520238461271578,473
Chicago,Robbery,2016,5,6,159,9832736,0.016170473813188924,182
Miami,Assault,2019,3,1,185,7227984,0.025594965345800434,217
San Francisco,Robbery,2023,12,15,219,7650008,0.028627421043219824,231
Denver,Drug Offense,2016,8,23,92,5075463,0.018126425116289882,103
Miami,Robbery,2019,4,26,260,7227984,0.03597130264815196,299
New York,Drug Offense,2019,1,7,77,8757705,0.008792257788998373,83
Houston,Burglary,2015,1,25,423,3444772,0.1227947742259865,463
Miami,Homicide,2020,12,17,183,7227984,0.02531826301773773,208
Dallas,Vandalism,2015,10,2,216,6686872,0.032302098798960115,255
Dallas,Vandalism,2019,3,27,297,6686872,0.04441538584857016,347
Miami,Theft,2014,9,9,238,7227984,0.032927577039462176,270
Seattle,Vandalism,2016,7,9,469,864158,0.5427248257841738,543
Houston,Drug Offense,2015,2,13,243,3444772,0.07054167881067311,268
New York,Fraud,2020,9,6,227,8757705,0.02592003270263157,260
Miami,Robbery,2017,10,6,123,7227984,0.017017193175856506,137
Seattle,Drug Offense,2021,2,20,317,864158,0.3668310656153157,341
Dallas,Fraud,2019,3,20,268,6686872,0.04007852999130236,309
Dallas,Homicide,2023,11,21,211,6686872,0.031554365030465666,239
San Francisco,Vandalism,2017,10,3,99,7650008,0.012941162937345948,109
Miami,Homicide,2018,2,17,377,7227984,0.052158388839820345,447
Houston,Vandalism,2022,3,17,226,3444772,0.06560666424367127,238
Los Angeles,Robbery,2020,6,12,370,8836693,0.0418708673029605,406
Houston,Assault,2023,9,16,280,3444772,0.08128259286826531,296
Dallas,Robbery,2022,9,15,384,6686872,0.057425953420373536,447
Dallas,Burglary,2020,7,13,235,6686872,0.03514348711923901,271
Chicago,Drug Offense,2014,12,23,313,9832736,0.031832442160554295,344
Dallas,Theft,2021,3,1,123,6686872,0.018394250704963398,141
New York,Assault,2017,4,17,272,8757705,0.03105836517672153,301
Boston,Robbery,2016,6,3,437,4615219,0.09468673100886436,508
Miami,Fraud,2020,11,26,277,7227984,0.03832327243668497,309
Houston,Assault,2016,5,15,68,3444772,0.019740058268007288,75
Boston,Drug Offense,2021,2,4,302,4615219,0.06543568138370032,359
Seattle,Vandalism,2019,6,4,354,864158,0.40964730986694564,385
Los Angeles,Assault,2018,3,18,417,8836693,0.04718959909549873,445
New York,Vandalism,2017,8,17,407,8757705,0.0464733625989914,463
Houston,Drug Offense,2021,2,19,498,3444772,0.1445668973157004,595
Boston,Robbery,2021,1,11,15,4615219,0.0032501166250182277,16
Los Angeles,Drug Offense,2014,9,20,102,8836693,0.011542779634870194,108
Chicago,Assault,2022,12,3,438,9832736,0.04454507880614307,482
New York,Fraud,2018,3,8,75,8757705,0.008563887456816598,84
New York,Homicide,2017,11,14,368,8757705,0.04202014112144677,395
Chicago,Assault,2019,1,26,62,9832736,0.0063054677762120325,71
Miami,Drug Offense,2019,7,1,294,7227984,0.040675242225217983,352
Chicago,Homicide,2015,10,14,255,9832736,0.025933778757001102,285
New York,Drug Offense,2021,5,2,280,8757705,0.03197184650544863,308
New York,Fraud,2020,5,23,54,8757705,0.00616599896890795,59
Boston,Drug Offense,2014,1,4,362,4615219,0.07843614788377323,386
Dallas,Robbery,2018,9,24,220,6686872,0.032900285813755675,260
Los Angeles,Theft,2019,7,27,398,8836693,0.0450394734772386,442
Chicago,Vandalism,2017,8,19,420,9832736,0.04271445912917828,465
Los Angeles,Vandalism,2015,9,6,56,8836693,0.006337212348556185,64
Chicago,Assault,2017,6,25,275,9832736,0.02796780062029531,306
Seattle,Theft,2014,12,1,489,864158,0.5658687415958655,560
New York,Drug Offense,2020,5,17,88,8757705,0.010048294615998142,93
Dallas,Fraud,2015,6,8,391,6686872,0.058472780696265755,458
Boston,Assault,2015,11,19,297,4615219,0.06435230917536092,353
Dallas,Drug Offense,2022,2,21,130,6686872,0.01944107798085562,149
Dallas,Homicide,2018,4,1,300,6686872,0.04486402610966682,357
Dallas,Burglary,2015,3,5,76,6686872,0.011365553281115595,81
Los Angeles,Drug Offense,2022,7,27,300,8836693,0.033949351867265276,336
Chicago,Theft,2022,9,16,240,9832736,0.02440826235953045,273
Denver,Assault,2014,5,6,60,5075463,0.011821581597580358,68
Seattle,Theft,2016,6,8,411,864158,0.4756074699302674,456
Houston,Assault,2017,10,13,364,3444772,0.1056673707287449,400
Dallas,Drug Offense,2020,12,16,399,6686872,0.05966915472585687,426
Miami,Robbery,2023,12,3,114,7227984,0.01577203269957432,126
Los Angeles,Homicide,2017,2,19,196,8836693,0.02218024321994665,210
Boston,Drug Offense,2015,3,12,396,4615219,0.08580307890048121,459
Houston,Vandalism,2020,3,16,97,3444772,0.028158612529363337,104
Denver,Theft,2019,12,27,354,5075463,0.06974733142572412,374
Miami,Burglary,2016,12,11,60,7227984,0.00830106984188122,67
Denver,Burglary,2019,9,10,64,5075463,0.012609687037419048,72
Houston,Fraud,2019,7,25,142,3444772,0.041221886383191686,167
Dallas,Assault,2018,8,20,43,6686872,0.006430510409052245,48
Miami,Theft,2017,11,4,32,7227984,0.0044272372490033185,35
Denver,Fraud,2023,10,12,53,5075463,0.01044239707786265,62
Boston,Theft,2014,11,23,424,4615219,0.0918699632671819,479
Chicago,Vandalism,2023,9,2,129,9832736,0.013119441018247616,136
New York,Assault,2019,6,24,17,8757705,0.0019411478235450957,19
Chicago,Drug Offense,2015,4,22,484,9832736,0.04922332909171974,574
Houston,Drug Offense,2016,12,19,40,3444772,0.011611798981180758,44
Los Angeles,Burglary,2021,1,25,105,8836693,0.011882273153542847,114
New York,Drug Offense,2023,8,5,286,8757705,0.03265695750199396,306
Seattle,Drug Offense,2019,7,8,90,864158,0.10414762115261329,96
Boston,Vandalism,2016,2,7,8,4615219,0.0017333955333430546,8
Seattle,Robbery,2020,8,14,227,864158,0.2626834444627024,258
Miami,Burglary,2017,12,24,342,7227984,0.04731609809872296,363
New York,Fraud,2022,5,23,452,8757705,0.05161169507308136,538
Seattle,Homicide,2018,7,3,170,864158,0.19672328439938067,197
Seattle,Robbery,2016,4,18,387,864158,0.44783477095623714,440
Denver,Fraud,2015,5,16,348,5075463,0.06856517326596608,408
Chicago,Assault,2015,8,23,387,9832736,0.03935832305474286,411
Denver,Robbery,2016,1,19,380,5075463,0.0748700167846756,426
New York,Vandalism,2015,1,19,475,8757705,0.054237953893171785,543
New York,Fraud,2017,4,18,282,8757705,0.032200216837630406,331
Houston,Assault,2015,3,20,134,3444772,0.03889952658695554,156
Denver,Burglary,2023,10,16,35,5075463,0.006895922598588543,38
San Francisco,Homicide,2022,12,8,379,7650008,0.04954243185105166,451
Chicago,Assault,2015,2,28,15,9832736,0.0015255163974706532,16
New York,Drug Offense,2022,12,1,480,8757705,0.05480887972362622,567
Houston,Theft,2019,3,17,306,3444772,0.0888302622060328,365
Denver,Assault,2014,11,12,100,5075463,0.019702635995967263,107
Chicago,Assault,2017,11,21,194,9832736,0.019730012073953782,224
Denver,Homicide,2014,11,11,457,5075463,0.09004104650157041,482
Seattle,Theft,2019,1,5,196,864158,0.22681037495458006,217
Houston,Drug Offense,2017,1,27,490,3444772,0.14224453751946428,552
Chicago,Fraud,2016,6,12,270,9832736,0.027459295154471756,307
Dallas,Fraud,2016,5,17,428,6686872,0.06400601058312466,509
Miami,Assault,2022,8,6,132,7227984,0.01826235365213869,151
Miami,Vandalism,2019,2,1,242,7227984,0.033480981695587594,271
Chicago,Vandalism,2022,4,5,412,9832736,0.041900850383860606,482
Denver,Theft,2018,8,25,359,5075463,0.07073246322552247,428
Houston,Theft,2015,12,28,432,3444772,0.12540742899675217,455
Miami,Drug Offense,2021,6,14,116,7227984,0.01604873502763703,138
Houston,Homicide,2018,1,5,320,3444772,0.09289439184944606,340
Miami,Burglary,2015,4,22,450,7227984,0.06225802381410916,527
Seattle,Fraud,2017,1,24,347,864158,0.4015469393328535,378
Denver,Homicide,2022,2,27,149,5075463,0.029356927633991222,159
Seattle,Robbery,2017,5,1,69,864158,0.07984650955033686,77
Miami,Fraud,2017,8,18,251,7227984,0.03472614217186978,287
Dallas,Homicide,2015,8,16,227,6686872,0.033947113089647894,251
Dallas,Fraud,2019,11,9,483,6686872,0.07223108203656359,511
Seattle,Burglary,2015,3,19,494,864158,0.5716547205487885,563
Dallas,Robbery,2020,11,22,317,6686872,0.04740632092254794,375
Miami,Vandalism,2016,4,5,443,7227984,0.06128956566588969,490
Chicago,Vandalism,2016,10,27,110,9832736,0.011187120248118123,119
Seattle,Burglary,2018,11,2,185,864158,0.21408122125814955,206
Los Angeles,Drug Offense,2016,6,15,188,8836693,0.021274927170152905,198
Denver,Robbery,2015,11,7,230,5075463,0.045316062790724705,269
Dallas,Assault,2023,11,4,269,6686872,0.04022807674500125,315
Dallas,Homicide,2022,10,1,282,6686872,0.04217218454308681,320
New York,Robbery,2015,3,13,401,8757705,0.045788251602446074,442
San Francisco,Drug Offense,2015,2,20,93,7650008,0.012156850032052254,108
Seattle,Drug Offense,2021,6,22,180,864158,0.20829524230522659,203
Boston,Burglary,2022,11,7,22,4615219,0.0047668377166934,25
Dallas,Fraud,2020,5,15,375,6686872,0.05608003263708353,429
Denver,Robbery,2016,10,23,464,5075463,0.0914202310212881,541
Los Angeles,Homicide,2022,5,14,428,8836693,0.048434408663965124,487
Dallas,Robbery,2016,10,23,405,6686872,0.06056643524805021,450
Los Angeles,Theft,2018,5,19,403,8836693,0.04560529600835969,481
Miami,Fraud,2022,10,22,110,7227984,0.015218628043448906,124
Miami,Homicide,2016,12,24,275,7227984,0.038046570108622266,313
San Francisco,Vandalism,2020,5,20,467,7650008,0.06104568779535917,505
Chicago,Homicide,2014,3,24,323,9832736,0.03284945309220139,369
Boston,Assault,2017,7,18,171,4615219,0.037051329525207795,194
New York,Burglary,2017,6,10,17,8757705,0.0019411478235450957,18
San Francisco,Assault,2020,4,9,341,7650008,0.0445751167841916,361
Houston,Homicide,2021,2,25,36,3444772,0.010450619083062681,41
New York,Fraud,2014,12,8,397,8757705,0.04533151093808252,462
Seattle,Robbery,2018,9,26,44,864158,0.050916614785722056,49
Denver,Vandalism,2020,1,10,152,5075463,0.029948006713870243,164
Houston,Robbery,2017,11,17,222,3444772,0.06444548434555321,255
Houston,Fraud,2017,4,2,223,3444772,0.06473577932008272,236
San Francisco,Homicide,2017,1,6,473,7650008,0.06183000070065286,527
Chicago,Drug Offense,2019,6,26,86,9832736,0.008746294012165078,92
San Francisco,Robbery,2020,4,5,337,7650008,0.0440522415139958,363
Seattle,Drug Offense,2015,5,28,212,864158,0.24532550760393357,229
Dallas,Robbery,2018,5,9,205,6686872,0.030657084508272328,227
Dallas,Robbery,2017,9,5,451,6686872,0.06744558591819912,477
Chicago,Vandalism,2016,1,18,336,9832736,0.03417156730334263,372
Seattle,Burglary,2020,2,26,432,864158,0.49990858153254375,486
Chicago,Burglary,2019,6,20,42,9832736,0.004271445912917829,47
Los Angeles,Theft,2020,5,9,215,8836693,0.024330368838206783,238
Dallas,Assault,2018,11,17,448,6686872,0.06699694565710244,526
Houston,Fraud,2019,7,27,331,3444772,0.09608763656927077,354
Boston,Fraud,2018,3,17,253,4615219,0.05481863374197411,284
Denver,Fraud,2020,3,12,231,5075463,0.04551308915068438,244
Seattle,Theft,2015,10,7,52,864158,0.06017418111039879,55
New York,Burglary,2018,2,27,22,8757705,0.0025120736539995356,24
Chicago,Homicide,2019,3,3,404,9832736,0.04108724163854292,458
Denver,Drug Offense,2019,10,10,443,5075463,0.08728267746213499,523
New York,Vandalism,2018,1,2,299,8757705,0.034141364661175504,338
Denver,Drug Offense,2023,5,25,200,5075463,0.039405271991934526,238
Boston,Homicide,2020,12,3,191,4615219,0.04138481835856543,201
New York,Vandalism,2023,5,16,349,8757705,0.0398506229657199,371
San Francisco,Theft,2021,12,2,228,7650008,0.029803890401160365,240
Miami,Homicide,2020,11,28,322,7227984,0.04454907481809589,347
San Francisco,Fraud,2018,7,24,492,7650008,0.06431365823408289,556
Dallas,Assault,2014,4,10,401,6686872,0.05996824823325465,459
Miami,Robbery,2018,3,6,369,7227984,0.05105157952756951,389
San Francisco,Drug Offense,2023,1,22,341,7650008,0.0445751167841916,406
Miami,Burglary,2015,12,26,233,7227984,0.03223582121930541,274
Miami,Burglary,2018,8,11,394,7227984,0.05451035862835336,431
Houston,Theft,2018,3,23,471,3444772,0.13672893300340344,500
Chicago,Vandalism,2015,2,7,81,9832736,0.008237788546341527,87
Chicago,Burglary,2018,11,27,192,9832736,0.01952660988762436,205
Houston,Fraud,2017,4,15,350,3444772,0.10160324108533163,373
Denver,Drug Offense,2014,3,6,274,5075463,0.0539852226289503,309
Los Angeles,Homicide,2016,1,20,99,8836693,0.011203286116197541,107
Denver,Fraud,2014,3,27,314,5075463,0.061866277027337206,346
New York,Theft,2018,12,9,136,8757705,0.015529182588360765,162
New York,Fraud,2017,2,22,43,8757705,0.004909962141908182,49
Miami,Homicide,2020,8,20,76,7227984,0.010514688466382881,90
San Francisco,Assault,2018,6,12,285,7650008,0.03725486300145046,305
San Francisco,Theft,2023,9,19,337,7650008,0.0440522415139958,373
Chicago,Assault,2017,8,20,164,9832736,0.016678979279012473,185
Seattle,Robbery,2015,10,3,191,864158,0.2210243960016571,202
Denver,Assault,2017,3,15,490,5075463,0.0965429163802396,514
Dallas,Robbery,2015,5,2,195,6686872,0.029161616971283433,224
Boston,Robbery,2021,7,21,426,4615219,0.09230331215051768,488
San Francisco,Assault,2016,5,2,124,7650008,0.016209133376069672,137
Boston,Theft,2022,8,22,224,4615219,0.04853507493360553,251
Miami,Vandalism,2017,12,3,57,7227984,0.00788601634978716,63
Boston,Homicide,2019,5,6,226,4615219,0.048968423816941296,238
Dallas,Fraud,2023,1,15,455,6686872,0.06804377293299468,500
Houston,Fraud,2018,5,27,416,3444772,0.12076270940427987,447
Dallas,Homicide,2023,4,10,135,6686872,0.020188811749350073,143
Boston,Drug Offense,2014,6,9,241,4615219,0.052218540441959525,287
Dallas,Drug Offense,2022,3,1,250,6686872,0.03738668842472235,284
Los Angeles,Robbery,2014,11,16,230,8836693,0.026027836431570046,266
Miami,Robbery,2021,5,6,212,7227984,0.029330446774646985,232
Denver,Theft,2022,2,9,410,5075463,0.08078080758346579,454
Houston,Burglary,2022,11,27,100,3444772,0.029029497452951893,108
San Francisco,Assault,2014,6,4,426,7650008,0.05568621627585226,453
New York,Robbery,2015,12,27,204,8757705,0.023293773882541145,219
Denver,Fraud,2014,6,28,251,5075463,0.049453616349877834,293
New York,Theft,2023,5,2,76,8757705,0.008678072622907484,87
Miami,Assault,2015,6,4,322,7227984,0.04454907481809589,364
Houston,Theft,2023,11,1,189,3444772,0.05486575018607908,211
Chicago,Assault,2021,7,19,10,9832736,0.0010170109316471022,11
San Francisco,Assault,2018,12,26,210,7650008,0.027450951685279286,222
Los Angeles,Homicide,2020,5,25,36,8836693,0.004073922224071833,39
Chicago,Robbery,2015,1,10,103,9832736,0.010475212595965152,113
Miami,Vandalism,2021,8,21,398,7227984,0.05506376328447877,464
Denver,Theft,2019,4,15,391,5075463,0.077037306744232,468
Los Angeles,Vandalism,2021,9,27,260,8836693,0.02942277161829657,282
Dallas,Theft,2014,10,22,191,6686872,0.028563429956487876,225
Boston,Homicide,2014,12,19,80,4615219,0.01733395533343055,93
Los Angeles,Fraud,2020,6,16,181,8836693,0.020482775626583384,196
Miami,Vandalism,2021,1,21,319,7227984,0.04413402132600183,354
Seattle,Fraud,2016,3,27,291,864158,0.33674397506011633,323
Boston,Drug Offense,2018,3,24,353,4615219,0.0764860779087623,422
New York,Robbery,2014,10,22,259,8757705,0.02957395801753998,278
San Francisco,Robbery,2020,12,4,329,7650008,0.043006490973604206,384
New York,Burglary,2018,12,2,194,8757705,0.022151922221632266,213
Los Angeles,Homicide,2021,4,25,312,8836693,0.03530732594195589,361
New York,Fraud,2021,6,13,349,8757705,0.0398506229657199,388
Miami,Assault,2022,7,28,131,7227984,0.018124002488107332,148
Dallas,Theft,2020,10,1,429,6686872,0.06415555733682356,504
Denver,Robbery,2014,4,17,291,5075463,0.05733467074826474,340
San Francisco,Vandalism,2016,6,13,258,7650008,0.03372545492762883,304
New York,Theft,2021,11,4,217,8757705,0.024778181041722688,229
New York,Theft,2016,1,7,254,8757705,0.029003032187085543,293
Los Angeles,Burglary,2021,8,17,88,8836693,0.009958476547731148,94
Denver,Fraud,2014,7,9,491,5075463,0.09673994274019927,546
Chicago,Robbery,2018,11,4,387,9832736,0.03935832305474286,438
New York,Theft,2017,11,19,410,8757705,0.04681591809726406,455
Miami,Robbery,2018,9,1,392,7227984,0.05423365630029065,442
Seattle,Assault,2021,3,10,17,864158,0.019672328439938064,20
San Francisco,Burglary,2023,2,4,49,7650008,0.0064052220598985,52
New York,Assault,2017,1,9,131,8757705,0.014958256757906322,150
Miami,Robbery,2017,3,13,430,7227984,0.05949100053348209,477
Miami,Drug Offense,2016,5,14,118,7227984,0.016325437355699735,126
San Francisco,Vandalism,2020,11,10,437,7650008,0.0571241232688907,469
Chicago,Robbery,2016,2,6,280,9832736,0.02847630608611886,333
Miami,Fraud,2016,12,16,209,7227984,0.028915393282552923,247
Seattle,Theft,2023,3,6,341,864158,0.39460376458934593,404
Miami,Theft,2018,4,17,442,7227984,0.06115121450185833,529
Miami,Assault,2018,7,10,424,7227984,0.05866089354929397,458
Miami,Vandalism,2019,3,18,485,7227984,0.06710031455520654,535
Dallas,Burglary,2021,9,27,389,6686872,0.05817368718886798,447
Dallas,Drug Offense,2023,8,22,403,6686872,0.06026734174065243,452
Chicago,Homicide,2019,4,18,465,9832736,0.04729100832159025,517
New York,Vandalism,2014,1,3,277,8757705,0.03162929100717597,305
Miami,Theft,2021,1,20,412,7227984,0.05700067958091772,469
Denver,Fraud,2021,1,27,62,5075463,0.012215634317499703,70
New York,Vandalism,2022,1,21,332,8757705,0.037909475142174805,356
Chicago,Assault,2022,8,25,223,9832736,0.022679343775730377,249
Houston,Assault,2015,3,28,113,3444772,0.032803332121835636,128
New York,Homicide,2015,6,15,283,8757705,0.03231440200372129,321
New York,Fraud,2016,3,15,178,8757705,0.02032495956417806,192
Boston,Burglary,2014,11,4,332,4615219,0.07193591463373677,385
Los Angeles,Vandalism,2017,5,27,268,8836693,0.030328087668090316,282
Boston,Fraud,2017,7,9,319,4615219,0.06911914689205431,351
Seattle,Burglary,2022,2,27,478,864158,0.5531395878994351,557
Dallas,Fraud,2022,6,26,115,6686872,0.017197876675372283,130
Dallas,Fraud,2022,6,19,191,6686872,0.028563429956487876,208
Los Angeles,Robbery,2023,11,24,273,8836693,0.0308939101992114,315
San Francisco,Assault,2020,3,28,427,7650008,0.05581693509340121,484
San Francisco,Vandalism,2015,6,17,233,7650008,0.03045748448890511,272
Chicago,Fraud,2023,10,11,160,9832736,0.016272174906353635,185
Los Angeles,Vandalism,2018,10,25,477,8836693,0.05397946946895179,544
New York,Homicide,2017,5,9,193,8757705,0.02203773705554138,216
San Francisco,Fraud,2021,12,10,276,7650008,0.03607839364350991,295
Miami,Theft,2015,2,18,379,7227984,0.05243509116788305,412
Denver,Assault,2019,9,20,6,5075463,0.0011821581597580358,6
New York,Theft,2018,8,13,250,8757705,0.028546291522721992,284
Seattle,Vandalism,2015,3,8,214,864158,0.2476398991851027,241
Miami,Vandalism,2023,8,7,405,7227984,0.05603222143269825,442
Miami,Assault,2014,9,17,290,7227984,0.04012183756909257,304
Los Angeles,Vandalism,2021,3,21,363,8836693,0.04107871575939099,408
Chicago,Theft,2015,3,23,17,9832736,0.0017289185838000735,18
Seattle,Fraud,2020,2,15,100,864158,0.11571957905845921,116
San Francisco,Fraud,2022,8,20,225,7650008,0.029411733948513517,237
Los Angeles,Robbery,2022,10,15,242,8836693,0.02738581050626066,275
San Francisco,Homicide,2021,1,1,98,7650008,0.012810444119797,116
Los Angeles,Vandalism,2023,8,25,342,8836693,0.038702261128682414,368
Los Angeles,Theft,2022,7,14,273,8836693,0.0308939101992114,305
Los Angeles,Vandalism,2015,7,5,175,8836693,0.019803788589238078,186
Chicago,Vandalism,2019,3,11,473,9832736,0.04810461706690793,541
Los Angeles,Burglary,2017,1,16,98,8836693,0.011090121609973325,110
Houston,Robbery,2017,4,2,153,3444772,0.0444151311030164,169
Denver,Theft,2018,9,8,116,5075463,0.022855057755322025,130
San Francisco,Theft,2016,5,11,59,7650008,0.00771241023538799,69
New York,Vandalism,2014,1,18,341,8757705,0.03893714163699279,368
Boston,Robbery,2021,5,3,428,4615219,0.09273666103385343,450
Seattle,Fraud,2018,8,26,471,864158,0.5450392173653429,555
Dallas,Theft,2016,8,1,120,6686872,0.01794561044386673,136
Chicago,Fraud,2023,5,11,147,9832736,0.0149500606952124,173
New York,Robbery,2020,12,16,205,8757705,0.02340795904863203,233
Miami,Fraud,2020,9,18,184,7227984,0.02545661418176908,215
Houston,Assault,2014,1,16,206,3444772,0.0598007647530809,229
Dallas,Burglary,2022,4,23,368,6686872,0.0550332053611913,427
Boston,Drug Offense,2015,3,10,483,4615219,0.10465375532558693,573
New York,Theft,2018,2,18,57,8757705,0.006508554467180614,64
Dallas,Homicide,2018,8,6,475,6686872,0.07103470800697247,511
New York,Burglary,2021,7,19,388,8757705,0.04430384444326453,423
Houston,Drug Offense,2021,9,4,184,3444772,0.053414275313431486,198
Boston,Fraud,2020,2,27,418,4615219,0.09056991661717462,454
Miami,Theft,2020,4,13,421,7227984,0.058245840057199905,461
Los Angeles,Fraud,2019,6,24,317,8836693,0.035873148473076974,359
San Francisco,Assault,2019,11,14,312,7650008,0.04078427107527208,355
Miami,Robbery,2022,3,3,141,7227984,0.01950751412842087,157
Los Angeles,Theft,2019,8,10,186,8836693,0.021048598157704473,212
Chicago,Drug Offense,2015,3,6,371,9832736,0.037731105564107484,394
Denver,Drug Offense,2015,12,1,5,5075463,0.0009851317997983632,5
Seattle,Assault,2018,2,23,48,864158,0.055545397948060425,51
Seattle,Assault,2017,3,24,231,864158,0.2673122276250408,260
San Francisco,Vandalism,2015,11,27,335,7650008,0.0437908038788979,362
Boston,Theft,2016,6,14,102,4615219,0.022100793050123947,111
Houston,Fraud,2020,2,8,212,3444772,0.06154253460025801,235
Boston,Homicide,2021,8,19,269,4615219,0.05828542480866022,315
Houston,Drug Offense,2019,1,14,292,3444772,0.08476613256261953,307
Boston,Drug Offense,2018,7,10,275,4615219,0.05958547145866751,315
Denver,Assault,2014,2,17,144,5075463,0.028371795834192862,165
Chicago,Burglary,2021,10,9,485,9832736,0.049325030184884454,567
Chicago,Assault,2016,12,6,241,9832736,0.02450996345269516,286
Los Angeles,Homicide,2019,6,11,466,8836693,0.0527346599004854,490
Dallas,Fraud,2016,12,25,445,6686872,0.06654830539600579,477
Chicago,Fraud,2020,2,7,396,9832736,0.04027363289322524,468
Chicago,Burglary,2020,2,17,76,9832736,0.007729283080517975,85
Miami,Drug Offense,2022,10,28,159,7227984,0.021997835080985236,180
Miami,Assault,2018,8,28,194,7227984,0.026840125822082617,222
Los Angeles,Vandalism,2021,12,1,272,8836693,0.030780745692987183,313
Dallas,Fraud,2023,2,22,325,6686872,0.04860269495213906,386
San Francisco,Homicide,2023,7,5,111,7650008,0.014509788747933334,133
Miami,Theft,2021,3,9,236,7227984,0.03265087471139947,273
San Francisco,Robbery,2014,8,18,46,7650008,0.006013065607251652,50
New York,Robbery,2018,7,24,194,8757705,0.022151922221632266,229
Miami,Robbery,2016,8,27,375,7227984,0.05188168651175764,396
Denver,Vandalism,2014,7,21,143,5075463,0.028174769474233186,155
Dallas,Drug Offense,2017,11,2,107,6686872,0.016001502645781165,126
Los Angeles,Assault,2021,6,26,175,8836693,0.019803788589238078,190
New York,Burglary,2016,7,11,355,8757705,0.04053573396226523,384
Dallas,Vandalism,2023,5,27,277,6686872,0.041424450774592364,296
Denver,Vandalism,2015,7,28,485,5075463,0.09555778458044123,571
Dallas,Fraud,2022,1,6,420,6686872,0.06280963655353354,472
Denver,Theft,2023,1,26,225,5075463,0.044330930990926345,259
Denver,Vandalism,2018,9,8,217,5075463,0.042754720111248964,235
San Francisco,Homicide,2020,5,4,345,7650008,0.045097992054387394,401
Boston,Theft,2015,5,18,428,4615219,0.09273666103385343,498
New York,Homicide,2022,3,28,411,8757705,0.04693010326335495,450
Dallas,Drug Offense,2022,5,11,60,6686872,0.008972805221933364,66
Houston,Assault,2017,3,5,394,3444772,0.11437621996463046,426
New York,Robbery,2017,9,15,346,8757705,0.03950806746744724,413
Boston,Vandalism,2019,9,28,438,4615219,0.09490340545053225,502
New York,Assault,2023,6,18,106,8757705,0.012103627605634125,126
Chicago,Drug Offense,2023,1,2,425,9832736,0.04322296459500184,465
Houston,Burglary,2023,7,22,497,3444772,0.1442766023411709,580
Boston,Burglary,2019,7,11,196,4615219,0.04246819056690484,228
San Francisco,Drug Offense,2014,10,26,314,7650008,0.04104570871036998,362
Dallas,Homicide,2022,10,25,204,6686872,0.03050753775457344,243
Seattle,Fraud,2015,4,13,237,864158,0.27425540236854834,262
Boston,Fraud,2018,8,4,437,4615219,0.09468673100886436,467
Los Angeles,Homicide,2022,6,22,231,8836693,0.02614100093779426,265
Dallas,Burglary,2017,4,7,375,6686872,0.05608003263708353,434
Boston,Burglary,2016,4,11,143,4615219,0.030984445158507103,162
Chicago,Vandalism,2020,2,22,348,9832736,0.03539198042131915,376
Seattle,Burglary,2019,2,24,309,864158,0.357573499290639,347
Chicago,Assault,2021,12,4,153,9832736,0.015560267254200663,167
Seattle,Burglary,2016,4,28,119,864158,0.13770629907956647,132
Los Angeles,Theft,2018,5,15,454,8836693,0.051376685825794785,520
Dallas,Vandalism,2023,8,1,67,6686872,0.01001963249782559,77
San Francisco,Robbery,2017,6,23,108,7650008,0.014117632295286488,117
Chicago,Burglary,2017,4,3,343,9832736,0.0348834749554956,381
Chicago,Homicide,2017,11,14,363,9832736,0.03691749681878981,395
Denver,Robbery,2023,7,6,160,5075463,0.03152421759354762,172
Seattle,Assault,2021,8,18,277,864158,0.320543233991932,323
Miami,Homicide,2019,2,25,10,7227984,0.0013835116403135368,11
Dallas,Robbery,2016,12,1,151,6686872,0.0225815598085323,166
Seattle,Homicide,2023,7,6,188,864158,0.21755280862990334,218
Denver,Assault,2018,2,6,490,5075463,0.0965429163802396,580
New York,Vandalism,2019,2,21,32,8757705,0.003653925314908415,37
Seattle,Theft,2018,8,16,454,864158,0.5253668889254048,489
San Francisco,Assault,2019,2,5,42,7650008,0.005490190337055856,50
Dallas,Assault,2021,11,17,123,6686872,0.018394250704963398,136
Denver,Homicide,2020,9,10,297,5075463,0.058516828908022775,326
New York,Vandalism,2018,12,28,375,8757705,0.04281943728408299,397
Houston,Drug Offense,2023,1,21,248,3444772,0.0719931536833207,278
Denver,Fraud,2019,9,18,72,5075463,0.014185897917096431,76
Houston,Burglary,2017,1,7,218,3444772,0.06328430444743513,237
Dallas,Burglary,2022,10,3,222,6686872,0.033199379321153445,243
Chicago,Theft,2017,10,13,181,9832736,0.018407897862812547,212
Denver,Theft,2014,2,15,303,5075463,0.05969898706778081,357
Los Angeles,Burglary,2020,6,20,168,8836693,0.019011637045668554,184
Houston,Fraud,2020,6,19,62,3444772,0.017998288420830174,73
San Francisco,Burglary,2017,1,3,273,7650008,0.03568623719086307,321
Los Angeles,Drug Offense,2016,7,4,312,8836693,0.03530732594195589,363
Boston,Fraud,2021,8,5,62,4615219,0.013433815383408675,66
Boston,Theft,2018,2,1,292,4615219,0.0632689369670215,336
New York,Robbery,2023,8,4,469,8757705,0.05355284289662646,558
Chicago,Homicide,2020,9,12,109,9832736,0.011085419154953414,125
Dallas,Drug Offense,2017,6,28,232,6686872,0.03469484685814234,255
Denver,Drug Offense,2017,5,27,251,5075463,0.049453616349877834,282
Miami,Vandalism,2021,12,24,192,7227984,0.026563423494019908,220
San Francisco,Theft,2021,9,10,498,7650008,0.06509797113937658,561
Houston,Theft,2015,12,23,87,3444772,0.02525566278406815,92
Dallas,Assault,2015,11,25,190,6686872,0.028413883202788988,208
Los Angeles,Drug Offense,2016,9,21,256,8836693,0.028970113593399703,299
Boston,Assault,2016,1,26,359,4615219,0.07778612455876958,423
San Francisco,Assault,2014,11,20,242,7650008,0.03163395384684565,259
Miami,Homicide,2016,3,24,364,7227984,0.050359823707412744,434
Denver,Assault,2019,9,25,188,5075463,0.037040955672418455,206
New York,Fraud,2021,11,13,288,8757705,0.032885327834175734,331
Miami,Burglary,2023,2,23,389,7227984,0.053818602808196586,452
San Francisco,Robbery,2019,12,14,430,7650008,0.05620909154604806,503
Miami,Theft,2018,4,23,214,7227984,0.02960714910270969,255
San Francisco,Fraud,2017,4,5,308,7650008,0.04026139580507628,337
San Francisco,Robbery,2016,2,4,300,7650008,0.03921564526468469,353
Seattle,Drug Offense,2017,3,14,101,864158,0.11687677484904381,108
Houston,Drug Offense,2020,3,10,451,3444772,0.13092303351281304,521
Boston,Drug Offense,2014,1,17,464,4615219,0.10053694093389717,538
Seattle,Fraud,2020,6,10,460,864158,0.5323100636689124,529
Denver,Fraud,2014,8,26,476,5075463,0.09378454734080417,517
Seattle,Theft,2015,12,7,212,864158,0.24532550760393357,250
Chicago,Burglary,2017,3,16,374,9832736,0.03803620884360162,402
Chicago,Vandalism,2014,5,1,392,9832736,0.0398668285205664,414
Boston,Assault,2022,1,17,426,4615219,0.09230331215051768,493
Miami,Drug Offense,2019,10,21,496,7227984,0.06862217735955144,556
Houston,Homicide,2014,7,9,415,3444772,0.12047241442975036,488
Boston,Burglary,2014,10,6,141,4615219,0.03055109627517134,156
San Francisco,Homicide,2019,1,19,371,7650008,0.04849668131066007,398
Los Angeles,Theft,2017,12,13,404,8836693,0.045718460514583906,474
Houston,Theft,2017,11,3,188,3444772,0.05457545521154956,212
Houston,Theft,2019,9,7,80,3444772,0.023223597962361515,86
San Francisco,Robbery,2020,8,22,291,7650008,0.038039175906744147,336
San Francisco,Homicide,2022,7,9,476,7650008,0.062222157153299706,536
New York,Burglary,2023,10,22,379,8757705,0.043276177948446536,432
Boston,Vandalism,2018,7,5,146,4615219,0.03163446848351075,163
San Francisco,Burglary,2022,5,10,241,7650008,0.0315032350292967,283
Chicago,Fraud,2017,5,23,29,9832736,0.0029493317017765964,34
Denver,Fraud,2023,11,17,294,5075463,0.057925749828143754,339
Los Angeles,Drug Offense,2015,5,12,71,8836693,0.008034679941919448,75
Boston,Vandalism,2016,1,23,254,4615219,0.05503530818364199,298
Dallas,Fraud,2014,8,16,412,6686872,0.06161326252394244,474
Chicago,Theft,2019,12,3,122,9832736,0.012407533366094646,140
Miami,Burglary,2019,11,25,494,7227984,0.06834547503148872,545
San Francisco,Homicide,2014,1,22,77,7650008,0.01006534895126907,91
Dallas,Theft,2016,4,9,286,6686872,0.04277037155788237,331
San Francisco,Robbery,2018,9,15,408,7650008,0.05333327755997118,435
Houston,Fraud,2016,9,5,452,3444772,0.13121332848734255,502
Chicago,Theft,2023,5,23,364,9832736,0.037019197911954516,430
Houston,Theft,2016,4,13,14,3444772,0.004064129643413266,14
New York,Robbery,2023,3,14,215,8757705,0.024549810709540914,256
Houston,Assault,2016,3,20,327,3444772,0.0949264566711527,376
New York,Burglary,2018,12,15,156,8757705,0.017812885910178523,178
New York,Homicide,2018,5,16,9,8757705,0.0010276664948179917,9
Dallas,Drug Offense,2017,10,23,199,6686872,0.029759803986078994,216
San Francisco,Assault,2014,1,13,446,7650008,0.058300592626831245,531
Miami,Fraud,2018,5,17,287,7227984,0.03970678407699851,314
Houston,Theft,2023,6,23,468,3444772,0.13585804807981486,545
Chicago,Vandalism,2018,7,8,117,9832736,0.011899027900271093,129
New York,Robbery,2017,12,21,275,8757705,0.03140092067499419,294
San Francisco,Robbery,2019,9,2,167,7650008,0.021830042530674477,175
Los Angeles,Vandalism,2023,3,5,464,8836693,0.05250833088803696,525
Boston,Burglary,2017,2,6,109,4615219,0.023617514141799124,130
Dallas,Assault,2020,3,12,185,6686872,0.027666149434294542,204
Miami,Drug Offense,2020,12,18,48,7227984,0.006640855873504977,52
Seattle,Burglary,2015,9,22,286,864158,0.33095799610719334,315
Dallas,Vandalism,2016,12,22,179,6686872,0.026768868912101205,201
Los Angeles,Theft,2014,7,1,166,8836693,0.01878530803322012,185
Boston,Vandalism,2021,9,17,475,4615219,0.10292035979224387,561
Los Angeles,Burglary,2022,2,11,355,8836693,0.04017339970959725,399
Houston,Homicide,2017,5,10,438,3444772,0.12714919884392928,493
New York,Robbery,2019,4,19,344,8757705,0.039279697135265454,368
Miami,Robbery,2022,2,14,144,7227984,0.019922567620514933,172
Denver,Fraud,2019,9,26,475,5075463,0.09358752098084451,516
New York,Fraud,2022,9,10,136,8757705,0.015529182588360765,144
Denver,Vandalism,2017,6,15,91,5075463,0.01792939875633021,104
Boston,Drug Offense,2021,11,28,180,4615219,0.039001399500218734,205
San Francisco,Theft,2022,6,19,187,7650008,0.024444418881653454,207
Seattle,Homicide,2017,8,4,372,864158,0.4304768340974683,414
Chicago,Assault,2018,6,2,133,9832736,0.013526245390906457,155
New York,Burglary,2021,1,9,250,8757705,0.028546291522721992,269
Miami,Drug Offense,2023,4,10,93,7227984,0.012866658254915894,109
Los Angeles,Theft,2019,7,28,70,8836693,0.007921515435695232,80
Miami,Fraud,2020,2,11,162,7227984,0.022412888573079298,180
Boston,Vandalism,2016,9,14,391,4615219,0.08471970669214181,437
Denver,Burglary,2020,8,7,382,5075463,0.07526406950459495,415
Los Angeles,Fraud,2021,8,23,153,8836693,0.01731416945230529,177
Chicago,Vandalism,2023,7,15,477,9832736,0.048511421439566764,537
Chicago,Burglary,2019,4,22,344,9832736,0.03498517604866031,377
New York,Assault,2023,2,19,437,8757705,0.04989891758171804,497
Boston,Theft,2022,3,22,120,4615219,0.02600093300014582,143
San Francisco,Burglary,2019,12,15,218,7650008,0.028496702225670877,243
Boston,Homicide,2022,6,28,473,4615219,0.10248701090890812,561
Denver,Drug Offense,2017,12,24,450,5075463,0.08866186198185269,495
Miami,Robbery,2021,12,8,485,7227984,0.06710031455520654,513
Chicago,Homicide,2017,5,11,376,9832736,0.03823961102993104,406
Miami,Homicide,2015,12,9,298,7227984,0.0412286468813434,331
Miami,Drug Offense,2023,8,15,257,7227984,0.035556249156057894,278
Miami,Robbery,2022,6,1,147,7227984,0.020337621112608992,154
Chicago,Homicide,2018,6,1,254,9832736,0.025832077663836394,301
Dallas,Burglary,2017,1,19,370,6686872,0.055332298868589085,435
Houston,Burglary,2015,4,3,440,3444772,0.12772978879298832,510
Denver,Burglary,2014,5,10,467,5075463,0.09201131010116713,502
Dallas,Robbery,2020,12,8,306,6686872,0.04576130663186016,326
Denver,Homicide,2019,11,15,29,5075463,0.005713764438830506,30
Los Angeles,Vandalism,2015,3,10,281,8836693,0.03179922624900514,325
Boston,Robbery,2021,9,1,476,4615219,0.10313703423391177,566
Boston,Burglary,2017,1,18,381,4615219,0.08255296227546298,424
Seattle,Drug Offense,2021,6,2,382,864158,0.4420487920033142,407
Boston,Homicide,2020,6,19,393,4615219,0.08515305557547757,442
Chicago,Homicide,2018,10,13,74,9832736,0.007525880894188555,81
San Francisco,Fraud,2023,5,22,117,7650008,0.01529410165322703,129
New York,Fraud,2023,12,1,367,8757705,0.041905955955355886,419
Seattle,Assault,2021,5,2,116,864158,0.1342347117078127,134
New York,Vandalism,2022,10,16,368,8757705,0.04202014112144677,392
Denver,Vandalism,2018,5,15,307,5075463,0.0604870925076195,323
New York,Theft,2023,6,13,475,8757705,0.054237953893171785,569
New York,Vandalism,2018,8,16,456,8757705,0.052068435737444914,494
Seattle,Fraud,2015,2,17,95,864158,0.10993360010553627,100
Los Angeles,Robbery,2018,6,21,22,8836693,0.002489619136932787,23
Miami,Vandalism,2016,1,7,153,7227984,0.021167728096797116,161
Boston,Fraud,2020,4,24,480,4615219,0.10400373200058328,532
Boston,Assault,2023,10,26,231,4615219,0.050051796025280704,270
Chicago,Homicide,2018,3,17,218,9832736,0.022170838309906828,240
Seattle,Vandalism,2021,9,7,364,864158,0.42121926777279156,406
Chicago,Assault,2014,3,13,155,9832736,0.015763669440530082,178
San Francisco,Homicide,2016,6,5,196,7650008,0.025620888239594,220
San Francisco,Drug Offense,2016,1,26,455,7650008,0.05947706198477178,536
Chicago,Drug Offense,2022,12,17,44,9832736,0.004474848099247249,51
Seattle,Homicide,2018,6,3,246,864158,0.28467016448380966,258
Chicago,Vandalism,2022,4,7,142,9832736,0.01444155522938885,165
Boston,Theft,2022,8,26,349,4615219,0.07561938014209076,390
Dallas,Fraud,2014,11,17,184,6686872,0.02751660268059565,220
Houston,Robbery,2015,9,7,204,3444772,0.05922017480402186,228
New York,Robbery,2018,4,21,207,8757705,0.02363632938081381,247
Houston,Burglary,2017,10,1,65,3444772,0.01886917334441873,75
Seattle,Homicide,2023,12,17,196,864158,0.22681037495458006,213
Houston,Robbery,2022,10,17,9,3444772,0.0026126547707656703,10
San Francisco,Vandalism,2020,6,11,382,7650008,0.049934588303698506,457
Denver,Theft,2019,1,25,241,5075463,0.04748335275028111,284
New York,Homicide,2020,4,27,185,8757705,0.021124255726814273,196
Miami,Theft,2014,7,3,315,7227984,0.043580616669876414,364
Seattle,Vandalism,2014,12,15,41,864158,0.047445027413968284,45
New York,Robbery,2021,1,21,60,8757705,0.006851109965453277,63
Houston,Robbery,2015,8,11,447,3444772,0.12976185361469494,496
San Francisco,Burglary,2023,12,26,241,7650008,0.0315032350292967,261
Los Angeles,Robbery,2022,10,28,362,8836693,0.04096555125316677,424
Dallas,Homicide,2020,12,16,353,6686872,0.05279000405570796,388
Miami,Vandalism,2019,11,25,201,7227984,0.027808583970302093,235
Dallas,Drug Offense,2014,6,22,77,6686872,0.011515100034814485,80
New York,Vandalism,2014,5,28,63,8757705,0.007193665463725942,69
San Francisco,Homicide,2015,10,9,244,7650008,0.03189539148194355,265
San Francisco,Homicide,2019,11,24,6,7650008,0.0007843129052936939,6
Houston,Burglary,2019,9,24,453,3444772,0.13150362346187208,480
Boston,Burglary,2015,2,1,364,4615219,0.078869496767109,392
Houston,Robbery,2014,5,25,192,3444772,0.055736635109667636,217
Boston,Assault,2023,6,22,311,4615219,0.06738575135871126,340
Boston,Vandalism,2018,7,16,34,4615219,0.007366931016707982,37
Miami,Vandalism,2018,5,9,271,7227984,0.037493165452496854,299
Houston,Assault,2015,9,19,480,3444772,0.13934158777416908,567
Los Angeles,Burglary,2019,1,12,112,8836693,0.01267442469711237,132
Chicago,Robbery,2022,7,19,336,9832736,0.03417156730334263,377
Chicago,Assault,2015,10,22,427,9832736,0.04342636678133126,469
Houston,Robbery,2023,7,9,94,3444772,0.02728772760577478,100
Houston,Robbery,2015,4,7,209,3444772,0.06067164967666946,249
Dallas,Robbery,2016,9,14,383,6686872,0.05727640666667464,405
Miami,Fraud,2020,12,19,460,7227984,0.06364153545442269,503
Houston,Homicide,2019,11,19,451,3444772,0.13092303351281304,493
Dallas,Robbery,2021,5,2,452,6686872,0.06759513267189801,496
Boston,Fraud,2021,4,9,449,4615219,0.09728682430887894,482
San Francisco,Burglary,2019,7,13,385,7650008,0.050326744756345354,449
San Francisco,Assault,2023,4,15,442,7650008,0.05777771735663544,472
Boston,Homicide,2016,3,3,224,4615219,0.04853507493360553,256
Seattle,Drug Offense,2016,9,11,382,864158,0.4420487920033142,408
Dallas,Assault,2014,11,21,98,6686872,0.014655581862491161,103
Dallas,Homicide,2020,8,14,461,6686872,0.06894105345518801,546
Boston,Drug Offense,2018,1,25,107,4615219,0.023184165258463358,115
Los Angeles,Assault,2017,7,8,227,8836693,0.025688342912897393,266
Denver,Homicide,2023,9,18,190,5075463,0.0374350083923378,215
